;Tweets;Analysis;step01;tokens;tokens_perbaikan;Stop_removal;step02;ProcessedText
0;@Almaylifi tercium bau asap knalpot motor racing;0;user tercium bau asap knalpot motor racing;['user', 'tercium', 'bau', 'asap', 'knalpot', 'motor', 'racing'];['user', 'tercium', 'bau', 'asap', 'knalpot', 'motor', 'racing'];['user', 'tercium', 'bau', 'asap', 'knalpot', 'motor', 'racing'];user tercium bau asap knalpot motor racing;user cium bau asap knalpot motor racing
1;@hanajihyo iyaa, besok yang pake knalpot racing itu aku;0;user iyaa besok yang pake knalpot racing itu aku;['user', 'iyaa', 'besok', 'yang', 'pake', 'knalpot', 'racing', 'itu', 'aku'];['user', 'iyaa', 'besok', 'yang', 'pakai', 'knalpot', 'racing', 'itu', 'aku'];['user', 'iyaa', 'besok', 'pakai', 'knalpot', 'racing'];user iyaa besok pakai knalpot racing;user iyaa besok pakai knalpot racing
2;Motor bebek pake knalpot racing 75ribu, lewat gang kecil disumpahin ibu-ibu.;-1;motor bebek pake knalpot racing 7 5 ribu lewat gang kecil disumpahin ibu ibu;['motor', 'bebek', 'pake', 'knalpot', 'racing', '7', '5', 'ribu', 'lewat', 'gang', 'kecil', 'disumpahin', 'ibu', 'ibu'];['motor', 'bebek', 'pakai', 'knalpot', 'racing', '7', '5', 'ribu', 'lewat', 'gang', 'kecil', 'disumpahin', 'ibu', 'ibu'];['motor', 'bebek', 'pakai', 'knalpot', 'racing', '7', '5', 'ribu', 'gang', 'disumpahin'];motor bebek pakai knalpot racing 7 5 ribu gang disumpahin;motor bebek pakai knalpot racing 7 5 ribu gang disumpahin
3;@SeputarTetangga Ngebutnya sih gak kenceng tapi kalau suara knalpot mobil racing ya pasti keras suaranya kakau digas..;1;user ngebutnya sih gak kenceng tapi kalau suara knalpot mobil racing ya pasti keras suaranya kakau digas repeated;['user', 'ngebutnya', 'sih', 'gak', 'kenceng', 'tapi', 'kalau', 'suara', 'knalpot', 'mobil', 'racing', 'ya', 'pasti', 'keras', 'suaranya', 'kakau', 'digas', 'repeated'];['user', 'ngebutnya', 'sih', 'tidak', 'kenceng', 'tapi', 'kalau', 'suara', 'knalpot', 'mobil', 'racing', 'iya', 'pasti', 'keras', 'suaranya', 'kakau', 'digas', 'repeated'];['user', 'ngebutnya', 'sih', 'kenceng', 'suara', 'knalpot', 'mobil', 'racing', 'iya', 'keras', 'suaranya', 'kakau', 'digas', 'repeated'];user ngebutnya sih kenceng suara knalpot mobil racing iya keras suaranya kakau digas repeated;user ngebut sih kenceng suara knalpot mobil racing iya keras suara kakau gas repeated
4;@18fesss Knalpot racing original;1;user knalpot racing original;['user', 'knalpot', 'racing', 'original'];['user', 'knalpot', 'racing', 'original'];['user', 'knalpot', 'racing', 'original'];user knalpot racing original;user knalpot racing original
5;NJING JAMET BANGET LO. PASTI KALAU NAIK MOTOR SUKANYA PAKE KNALPOT RACING. https://t.co/0gy8TRZIxZ;1;allcaps njing jamet banget lo allcaps allcaps pasti kalau naik motor sukanya pake knalpot racing allcaps;['allcaps', 'njing', 'jamet', 'banget', 'lo', 'allcaps', 'allcaps', 'pasti', 'kalau', 'naik', 'motor', 'sukanya', 'pake', 'knalpot', 'racing', 'allcaps'];['allcaps', 'njing', 'jamet', 'banget', 'lo', 'allcaps', 'allcaps', 'pasti', 'kalau', 'naik', 'motor', 'sukanya', 'pakai', 'knalpot', 'racing', 'allcaps'];['allcaps', 'njing', 'jamet', 'banget', 'lo', 'allcaps', 'allcaps', 'motor', 'sukanya', 'pakai', 'knalpot', 'racing', 'allcaps'];allcaps njing jamet banget lo allcaps allcaps motor sukanya pakai knalpot racing allcaps;allcaps njing jamet banget lo allcaps allcaps motor suka pakai knalpot racing allcaps
6;"Pekain saja dengan pekajaman 

Ready bosqueee Fiz R Galvanish STD racing https://t.co/VgAN2Iie5n";0;pekain saja dengan pekajaman ready bosque elongated fiz galvanish allcaps std allcaps racing;['pekain', 'saja', 'dengan', 'pekajaman', 'ready', 'bosque', 'elongated', 'fiz', 'galvanish', 'allcaps', 'std', 'allcaps', 'racing'];['pekain', 'saja', 'dengan', 'pekajaman', 'ready', 'bosque', 'elongated', 'fiz', 'galvanish', 'allcaps', 'std', 'allcaps', 'racing'];['pekain', 'pekajaman', 'ready', 'bosque', 'elongated', 'fiz', 'galvanish', 'allcaps', 'std', 'allcaps', 'racing'];pekain pekajaman ready bosque elongated fiz galvanish allcaps std allcaps racing;kain pekajaman ready bosque elongated fiz galvanish allcaps std allcaps racing
7;Rasanya dah kaya oven apalagi surabaya tuh panas, belom lagi kalo ujan tar suaranya ngalahin knalpot racing wkwkwkwk https://t.co/ZOZk6ut6De;1;rasanya dah kaya oven apalagi surabaya tuh panas belom lagi kalo ujan tar suaranya ngalahin knalpot racing wkwkwkwk;['rasanya', 'dah', 'kaya', 'oven', 'apalagi', 'surabaya', 'tuh', 'panas', 'belom', 'lagi', 'kalo', 'ujan', 'tar', 'suaranya', 'ngalahin', 'knalpot', 'racing', 'wkwkwkwk'];['rasanya', 'sudah', 'kaya', 'oven', 'apalagi', 'surabaya', 'itu', 'panas', 'belum', 'lagi', 'kalau', 'ujan', 'tar', 'suaranya', 'ngalahin', 'knalpot', 'racing', 'wkwkwkwk'];['kaya', 'oven', 'surabaya', 'panas', 'ujan', 'tar', 'suaranya', 'ngalahin', 'knalpot', 'racing', 'wkwkwkwk'];kaya oven surabaya panas ujan tar suaranya ngalahin knalpot racing wkwkwkwk;kaya oven surabaya panas ujan tar suara ngalahin knalpot racing wkwkwkwk
8;Ie bengkel sebelah loba motor sonic pake knalpot racing, Vibes Tasikk pisann;0;ie bengkel sebelah loba motor sonic pake knalpot racing vibes tasikk pisann;['ie', 'bengkel', 'sebelah', 'loba', 'motor', 'sonic', 'pake', 'knalpot', 'racing', 'vibes', 'tasikk', 'pisann'];['ie', 'bengkel', 'sebelah', 'loba', 'motor', 'sonic', 'pakai', 'knalpot', 'racing', 'vibes', 'tasikk', 'pisann'];['ie', 'bengkel', 'sebelah', 'loba', 'motor', 'sonic', 'pakai', 'knalpot', 'racing', 'vibes', 'tasikk', 'pisann'];ie bengkel sebelah loba motor sonic pakai knalpot racing vibes tasikk pisann;ie bengkel belah loba motor sonic pakai knalpot racing vibes tasikk pisann
9;"Hujan plus lagu sedih, emang mendukung, sempat di upload terus di hapus, sekarang upload lagi,
Suara gua urak2an ke‚Ä¶ https://t.co/RHzRS90aLf";1;hujan plus lagu sedih emang mendukung sempat di upload terus di hapus sekarang upload lagi suara gua urak2an ke;['hujan', 'plus', 'lagu', 'sedih', 'emang', 'mendukung', 'sempat', 'di', 'upload', 'terus', 'di', 'hapus', 'sekarang', 'upload', 'lagi', 'suara', 'gua', 'urak2an', 'ke'];['hujan', 'ditambah', 'lagu', 'sedih', 'memang', 'mendukung', 'sempat', 'di', 'mengunggah', 'terus', 'di', 'hapus', 'sekarang', 'mengunggah', 'lagi', 'suara', 'saya', 'urak2an', 'ke'];['hujan', 'ditambah', 'lagu', 'sedih', 'mendukung', 'mengunggah', 'hapus', 'mengunggah', 'suara', 'urak2an'];hujan ditambah lagu sedih mendukung mengunggah hapus mengunggah suara urak2an;hujan tambah lagu sedih dukung unggah hapus unggah suara urak2an
10;@Husen_Jafar Gara2 knalpot racing;0;user gara2 knalpot racing;['user', 'gara2', 'knalpot', 'racing'];['user', 'gara2', 'knalpot', 'racing'];['user', 'gara2', 'knalpot', 'racing'];user gara2 knalpot racing;user gara2 knalpot racing
11;"anjing udah bikin telinga budeg, pelan, disalip nggak mau dasar motor pake knalpot ""racing"" ini, dibalap pake beat gw palingan juga kalah";-1;anjing udah bikin telinga budeg pelan disalip nggak mau dasar motor pake knalpot racing ini dibalap pake beat gw palingan juga kalah;['anjing', 'udah', 'bikin', 'telinga', 'budeg', 'pelan', 'disalip', 'nggak', 'mau', 'dasar', 'motor', 'pake', 'knalpot', 'racing', 'ini', 'dibalap', 'pake', 'beat', 'gw', 'palingan', 'juga', 'kalah'];['anjing', 'sudah', 'membuat', 'telinga', 'budeg', 'pelan', 'disalip', 'nggak', 'mau', 'dasar', 'motor', 'pakai', 'knalpot', 'racing', 'ini', 'dibalap', 'pakai', 'beat', 'saya', 'palingan', 'juga', 'kalah'];['anjing', 'telinga', 'budeg', 'pelan', 'disalip', 'nggak', 'dasar', 'motor', 'pakai', 'knalpot', 'racing', 'dibalap', 'pakai', 'beat', 'palingan', 'kalah'];anjing telinga budeg pelan disalip nggak dasar motor pakai knalpot racing dibalap pakai beat palingan kalah;anjing telinga budeg pelan salip nggak dasar motor pakai knalpot racing balap pakai beat paling kalah
12;@tanyakanrl mimpi jadi rantai motor, pas motor nya di starter kaget ternyata pake knalpot racing eh tbtb pas motor‚Ä¶ https://t.co/vBG5nJGA4A;1;user mimpi jadi rantai motor pas motor nya di starter kaget ternyata pake knalpot racing eh tbtb pas motor;['user', 'mimpi', 'jadi', 'rantai', 'motor', 'pas', 'motor', 'nya', 'di', 'starter', 'kaget', 'ternyata', 'pake', 'knalpot', 'racing', 'eh', 'tbtb', 'pas', 'motor'];['user', 'mimpi', 'jadi', 'rantai', 'motor', 'cocok', 'motor', 'nya', 'di', 'starter', 'kaget', 'ternyata', 'pakai', 'knalpot', 'racing', 'eh', 'tbtb', 'cocok', 'motor'];['user', 'mimpi', 'rantai', 'motor', 'cocok', 'motor', 'nya', 'starter', 'kaget', 'pakai', 'knalpot', 'racing', 'eh', 'tbtb', 'cocok', 'motor'];user mimpi rantai motor cocok motor nya starter kaget pakai knalpot racing eh tbtb cocok motor;user mimpi rantai motor cocok motor nya starter kaget pakai knalpot racing eh tbtb cocok motor
13;@hahahihiheheho_ @sbyfess Trantangtangtangtangtang... Kalah knalpot racing üò≠;0;user user trantangtangtangtangtang repeated kalah knalpot racing;['user', 'user', 'trantangtangtangtangtang', 'repeated', 'kalah', 'knalpot', 'racing'];['user', 'user', 'trantangtangtangtangtang', 'repeated', 'kalah', 'knalpot', 'racing'];['user', 'user', 'trantangtangtangtangtang', 'repeated', 'kalah', 'knalpot', 'racing'];user user trantangtangtangtangtang repeated kalah knalpot racing;user user trantangtangtangtangtang repeated kalah knalpot racing
14;@sekarningrum__ @humanlangka @vellavelpi Izin ngetod knalpot Maman racing;0;user user user izin ngetod knalpot maman racing;['user', 'user', 'user', 'izin', 'ngetod', 'knalpot', 'maman', 'racing'];['user', 'user', 'user', 'izin', 'ngetod', 'knalpot', 'maman', 'racing'];['user', 'user', 'user', 'izin', 'ngetod', 'knalpot', 'maman', 'racing'];user user user izin ngetod knalpot maman racing;user user user izin ngetod knalpot maman racing
15;Nah jika berkendara dengan sepeda motor jangan lupa Helm dipakai untuk melindungi kepala dari benturan,jangan mengg‚Ä¶ https://t.co/qQCNtppMbs;0;nah jika berkendara dengan sepeda motor jangan lupa helm dipakai untuk melindungi kepala dari benturan jangan mengg;['nah', 'jika', 'berkendara', 'dengan', 'sepeda', 'motor', 'jangan', 'lupa', 'helm', 'dipakai', 'untuk', 'melindungi', 'kepala', 'dari', 'benturan', 'jangan', 'mengg'];['nah', 'jika', 'berkendara', 'dengan', 'sepeda', 'motor', 'jangan', 'lupa', 'helm', 'dipakai', 'untuk', 'melindungi', 'kepala', 'dari', 'benturan', 'jangan', 'mengg'];['berkendara', 'sepeda', 'motor', 'lupa', 'helm', 'dipakai', 'melindungi', 'kepala', 'benturan', 'mengg'];berkendara sepeda motor lupa helm dipakai melindungi kepala benturan mengg;kendara sepeda motor lupa helm pakai lindung kepala bentur mengg
16;@unmagnetism saya sama knalpot racing;0;user saya sama knalpot racing;['user', 'saya', 'sama', 'knalpot', 'racing'];['user', 'saya', 'sama', 'knalpot', 'racing'];['user', 'knalpot', 'racing'];user knalpot racing;user knalpot racing
17;"""semakin lurus niat, makin kencang cobaannya""

Hey, knalpot racing! km kira kemarin niatku gak lurus?! kamunya aja yg available sana sini !";1;semakin lurus niat makin kencang cobaannya hey knalpot racing km kira kemarin niatku gak lurus repeated kamunya aja yg available sana sini;['semakin', 'lurus', 'niat', 'makin', 'kencang', 'cobaannya', 'hey', 'knalpot', 'racing', 'km', 'kira', 'kemarin', 'niatku', 'gak', 'lurus', 'repeated', 'kamunya', 'aja', 'yg', 'available', 'sana', 'sini'];['semakin', 'lurus', 'niat', 'makin', 'kencang', 'cobaannya', 'hey', 'knalpot', 'racing', 'kamu', 'kira', 'kemarin', 'niatku', 'tidak', 'lurus', 'repeated', 'kamunya', 'saja', 'yang', 'available', 'sana', 'sini'];['lurus', 'niat', 'kencang', 'cobaannya', 'hey', 'knalpot', 'racing', 'kemarin', 'niatku', 'lurus', 'repeated', 'kamunya', 'available'];lurus niat kencang cobaannya hey knalpot racing kemarin niatku lurus repeated kamunya available;lurus niat kencang coba hey knalpot racing kemarin niat lurus repeated kamu available
18;"STOP GUNAKAN KNALPOT RACING.

#stoppungli #polripresisi #kutaitimur #polreskutim #poldakaltim #ditlantaspoldakaltim‚Ä¶ https://t.co/eBK7MDDqoy";0;allcaps stop gunakan knalpot racing allcaps hashtag stopp ungli hashtag hashtag pol rip resis hashtag hashtag kuta timur hashtag hashtag pol re skut hashtag hashtag pol da kaltim hashtag hashtag ditlantaspoldakaltim hashtag;['allcaps', 'stop', 'gunakan', 'knalpot', 'racing', 'allcaps', 'hashtag', 'stopp', 'ungli', 'hashtag', 'hashtag', 'pol', 'rip', 'resis', 'hashtag', 'hashtag', 'kuta', 'timur', 'hashtag', 'hashtag', 'pol', 're', 'skut', 'hashtag', 'hashtag', 'pol', 'da', 'kaltim', 'hashtag', 'hashtag', 'ditlantaspoldakaltim', 'hashtag'];['allcaps', 'stop', 'gunakan', 'knalpot', 'racing', 'allcaps', 'hashtag', 'stopp', 'ungli', 'hashtag', 'hashtag', 'pol', 'rip', 'resis', 'hashtag', 'hashtag', 'kuta', 'timur', 'hashtag', 'hashtag', 'pol', 're', 'skut', 'hashtag', 'hashtag', 'pol', 'da', 'kaltim', 'hashtag', 'hashtag', 'ditlantaspoldakaltim', 'hashtag'];['allcaps', 'stop', 'knalpot', 'racing', 'allcaps', 'hashtag', 'stopp', 'ungli', 'hashtag', 'hashtag', 'pol', 'rip', 'resis', 'hashtag', 'hashtag', 'kuta', 'timur', 'hashtag', 'hashtag', 'pol', 're', 'skut', 'hashtag', 'hashtag', 'pol', 'da', 'kaltim', 'hashtag', 'hashtag', 'ditlantaspoldakaltim', 'hashtag'];allcaps stop knalpot racing allcaps hashtag stopp ungli hashtag hashtag pol rip resis hashtag hashtag kuta timur hashtag hashtag pol re skut hashtag hashtag pol da kaltim hashtag hashtag ditlantaspoldakaltim hashtag;allcaps stop knalpot racing allcaps hashtag stopp ungli hashtag hashtag pol rip resis hashtag hashtag kuta timur hashtag hashtag pol re skut hashtag hashtag pol da kaltim hashtag hashtag ditlantaspoldakaltim hashtag
19;@ahmedzulfi @fasabimuhammad @RadioElshinta Knalpot nya racing kali mas;0;user user user knalpot nya racing kali mas;['user', 'user', 'user', 'knalpot', 'nya', 'racing', 'kali', 'mas'];['user', 'user', 'user', 'knalpot', 'nya', 'racing', 'kali', 'mas'];['user', 'user', 'user', 'knalpot', 'nya', 'racing', 'kali', 'mas'];user user user knalpot nya racing kali mas;user user user knalpot nya racing kali mas
20;Temukan dan dapatkan (SECOND/NEW ORIGINAL) Slincer Knalpot Racing Second Original dari berbagai Merk lokal dan luar‚Ä¶ https://t.co/pwFvRLFXtE;1;temukan dan dapatkan allcaps second allcaps allcaps new original allcaps slincer knalpot racing second original dari berbagai merk lokal dan luar;['temukan', 'dan', 'dapatkan', 'allcaps', 'second', 'allcaps', 'allcaps', 'new', 'original', 'allcaps', 'slincer', 'knalpot', 'racing', 'second', 'original', 'dari', 'berbagai', 'merk', 'lokal', 'dan', 'luar'];['temukan', 'dan', 'dapatkan', 'allcaps', 'second', 'allcaps', 'allcaps', 'new', 'original', 'allcaps', 'slincer', 'knalpot', 'racing', 'second', 'original', 'dari', 'berbagai', 'merk', 'lokal', 'dan', 'luar'];['temukan', 'dapatkan', 'allcaps', 'second', 'allcaps', 'allcaps', 'new', 'original', 'allcaps', 'slincer', 'knalpot', 'racing', 'second', 'original', 'merk', 'lokal'];temukan dapatkan allcaps second allcaps allcaps new original allcaps slincer knalpot racing second original merk lokal;temu dapat allcaps second allcaps allcaps new original allcaps slincer knalpot racing second original merk lokal
21;"RT @Mad_Beckhen: jenenge mantan nang kontak ku :

1.Gethuk lindri (polahe warna warni,rodok manis,omongane nyereti)
2.Knalpot Racing (liyan‚Ä¶";1;rt user jenenge mantan nang kontak ku number gethuk lindri polahe warna warni rodok manis omongane nyereti number knalpot racing liyan;['rt', 'user', 'jenenge', 'mantan', 'nang', 'kontak', 'ku', 'number', 'gethuk', 'lindri', 'polahe', 'warna', 'warni', 'rodok', 'manis', 'omongane', 'nyereti', 'number', 'knalpot', 'racing', 'liyan'];['rt', 'user', 'jenenge', 'mantan', 'nang', 'kontak', 'ku', 'number', 'gethuk', 'lindri', 'polahe', 'warna', 'warni', 'rodok', 'manis', 'omongane', 'nyereti', 'number', 'knalpot', 'racing', 'liyan'];['rt', 'user', 'jenenge', 'mantan', 'nang', 'kontak', 'ku', 'number', 'gethuk', 'lindri', 'polahe', 'warna', 'warni', 'rodok', 'manis', 'omongane', 'nyereti', 'number', 'knalpot', 'racing', 'liyan'];rt user jenenge mantan nang kontak ku number gethuk lindri polahe warna warni rodok manis omongane nyereti number knalpot racing liyan;rt user jenenge mantan nang kontak ku number gethuk lindri polahe warna warni rodok manis omongane nyereti number knalpot racing liyan
22;"Modif:
-Velg Tk racing 3.5 &amp; 5 inch(powder coating Hitam doff)
-Ban Bridgestone Battlax s22 120/70 &amp;160/60, Rantai‚Ä¶ https://t.co/XlNJ3Jyzp5";-1;modif velg tk racing number number inch powder coating hitam doff ban bridgestone battlax s22 number number number number rantai;['modif', 'velg', 'tk', 'racing', 'number', 'number', 'inch', 'powder', 'coating', 'hitam', 'doff', 'ban', 'bridgestone', 'battlax', 's22', 'number', 'number', 'number', 'number', 'rantai'];['modif', 'velg', 'tingkat', 'racing', 'number', 'number', 'inch', 'powder', 'coating', 'hitam', 'doff', 'ban', 'bridgestone', 'battlax', 's22', 'number', 'number', 'number', 'number', 'rantai'];['modif', 'velg', 'tingkat', 'racing', 'number', 'number', 'inch', 'powder', 'coating', 'hitam', 'doff', 'ban', 'bridgestone', 'battlax', 's22', 'number', 'number', 'number', 'number', 'rantai'];modif velg tingkat racing number number inch powder coating hitam doff ban bridgestone battlax s22 number number number number rantai;modif velg tingkat racing number number inch powder coating hitam doff ban bridgestone battlax s22 number number number number rantai
23;"jenenge mantan nang kontak ku :

1.Gethuk lindri (polahe warna warni,rodok manis,omongane nyereti)
2.Knalpot Racing‚Ä¶ https://t.co/pWFZmVtYff";1;jenenge mantan nang kontak ku number gethuk lindri polahe warna warni rodok manis omongane nyereti number knalpot racing;['jenenge', 'mantan', 'nang', 'kontak', 'ku', 'number', 'gethuk', 'lindri', 'polahe', 'warna', 'warni', 'rodok', 'manis', 'omongane', 'nyereti', 'number', 'knalpot', 'racing'];['jenenge', 'mantan', 'nang', 'kontak', 'ku', 'number', 'gethuk', 'lindri', 'polahe', 'warna', 'warni', 'rodok', 'manis', 'omongane', 'nyereti', 'number', 'knalpot', 'racing'];['jenenge', 'mantan', 'nang', 'kontak', 'ku', 'number', 'gethuk', 'lindri', 'polahe', 'warna', 'warni', 'rodok', 'manis', 'omongane', 'nyereti', 'number', 'knalpot', 'racing'];jenenge mantan nang kontak ku number gethuk lindri polahe warna warni rodok manis omongane nyereti number knalpot racing;jenenge mantan nang kontak ku number gethuk lindri polahe warna warni rodok manis omongane nyereti number knalpot racing
24;@ctrpriyo @byonyyy bisa aja knalpot racing;0;user user bisa aja knalpot racing;['user', 'user', 'bisa', 'aja', 'knalpot', 'racing'];['user', 'user', 'bisa', 'saja', 'knalpot', 'racing'];['user', 'user', 'knalpot', 'racing'];user user knalpot racing;user user knalpot racing
25;@convomfs ‚Äîkan itu tugasnya mereka. Coba dibalik, orang mau pake narkoba/gak itu terserah mereka kan? Atau anak mud‚Ä¶ https://t.co/mtfwz1yEG4;-1;user kan itu tugasnya mereka coba dibalik orang mau pake narkoba gak itu terserah mereka kan atau anak mud;['user', 'kan', 'itu', 'tugasnya', 'mereka', 'coba', 'dibalik', 'orang', 'mau', 'pake', 'narkoba', 'gak', 'itu', 'terserah', 'mereka', 'kan', 'atau', 'anak', 'mud'];['user', 'kan', 'itu', 'tugasnya', 'mereka', 'coba', 'dibalik', 'orang', 'mau', 'pakai', 'narkoba', 'tidak', 'itu', 'terserah', 'mereka', 'kan', 'atau', 'anak', 'mud'];['user', 'tugasnya', 'coba', 'dibalik', 'orang', 'pakai', 'narkoba', 'terserah', 'anak', 'mud'];user tugasnya coba dibalik orang pakai narkoba terserah anak mud;user tugas coba balik orang pakai narkoba serah anak mud
26;"Sangat ironis... üôÑ
Plat nomor gk ada, lampu gk ada, knalpot racing, spion gk ada, surat2 GK bawa, apa lagi nih? https://t.co/kSRF8UPM3n";1;sangat ironis repeated plat nomor gk ada lampu gk ada knalpot racing spion gk ada surat2 gk bawa apa lagi nih;['sangat', 'ironis', 'repeated', 'plat', 'nomor', 'gk', 'ada', 'lampu', 'gk', 'ada', 'knalpot', 'racing', 'spion', 'gk', 'ada', 'surat2', 'gk', 'bawa', 'apa', 'lagi', 'nih'];['sangat', 'ironis', 'repeated', 'plat', 'nomor', 'tidak', 'ada', 'lampu', 'tidak', 'ada', 'knalpot', 'racing', 'spion', 'tidak', 'ada', 'surat2', 'tidak', 'bawa', 'apa', 'lagi', 'ini'];['ironis', 'repeated', 'plat', 'nomor', 'lampu', 'knalpot', 'racing', 'spion', 'surat2', 'bawa'];ironis repeated plat nomor lampu knalpot racing spion surat2 bawa;ironis repeated plat nomor lampu knalpot racing spion surat2 bawa
27;@txtdrberseragam Kirain razia knalpot racing üòÇ;0;user kirain razia knalpot racing;['user', 'kirain', 'razia', 'knalpot', 'racing'];['user', 'prasangka', 'razia', 'knalpot', 'racing'];['user', 'prasangka', 'razia', 'knalpot', 'racing'];user prasangka razia knalpot racing;user prasangka razia knalpot racing
28;"@Askrlfess salah nder, mbamu gak sehrsnya melakukan kekerasan yg nanggung.
hrsnya skln noh palanya dikeplak pakai knalpot racing.";-1;user salah nder mbamu gak sehrsnya melakukan kekerasan yg nanggung hrsnya skln noh palanya dikeplak pakai knalpot racing;['user', 'salah', 'nder', 'mbamu', 'gak', 'sehrsnya', 'melakukan', 'kekerasan', 'yg', 'nanggung', 'hrsnya', 'skln', 'noh', 'palanya', 'dikeplak', 'pakai', 'knalpot', 'racing'];['user', 'salah', 'nder', 'mbamu', 'tidak', 'sehrsnya', 'melakukan', 'kekerasan', 'yang', 'nanggung', 'seharusnya', 'skln', 'noh', 'palanya', 'dikeplak', 'pakai', 'knalpot', 'racing'];['user', 'salah', 'nder', 'mbamu', 'sehrsnya', 'kekerasan', 'nanggung', 'skln', 'noh', 'palanya', 'dikeplak', 'pakai', 'knalpot', 'racing'];user salah nder mbamu sehrsnya kekerasan nanggung skln noh palanya dikeplak pakai knalpot racing;user salah nder mbamu sehrsnya keras nanggung skln noh pala keplak pakai knalpot racing
29;@kochengfs Suara knalpot racing;1;user suara knalpot racing;['user', 'suara', 'knalpot', 'racing'];['user', 'suara', 'knalpot', 'racing'];['user', 'suara', 'knalpot', 'racing'];user suara knalpot racing;user suara knalpot racing
30;Itu orang yg tidur ngorok tidak na dengar dirinya kalo ngorok kayak knalpot racing suaranya üòìüòí;1;itu orang yg tidur ngorok tidak na dengar dirinya kalo ngorok kayak knalpot racing suaranya;['itu', 'orang', 'yg', 'tidur', 'ngorok', 'tidak', 'na', 'dengar', 'dirinya', 'kalo', 'ngorok', 'kayak', 'knalpot', 'racing', 'suaranya'];['itu', 'orang', 'yang', 'tidur', 'ngorok', 'tidak', 'na', 'dengar', 'dirinya', 'kalau', 'ngorok', 'kayak', 'knalpot', 'racing', 'suaranya'];['orang', 'tidur', 'ngorok', 'na', 'dengar', 'ngorok', 'kayak', 'knalpot', 'racing', 'suaranya'];orang tidur ngorok na dengar ngorok kayak knalpot racing suaranya;orang tidur ngorok na dengar ngorok kayak knalpot racing suara
31;Saya menjual Knalpot Racing Seped... seharga Rp225.000. Dapatkan di Shopee sekarang! https://t.co/mnZN8zU7Ei‚Ä¶ https://t.co/4JC8UcPxsz;0;saya menjual knalpot racing seped repeated seharga rp225 number dapatkan di shopee sekarang;['saya', 'menjual', 'knalpot', 'racing', 'seped', 'repeated', 'seharga', 'rp225', 'number', 'dapatkan', 'di', 'shopee', 'sekarang'];['saya', 'menjual', 'knalpot', 'racing', 'seped', 'repeated', 'seharga', 'rp225', 'number', 'dapatkan', 'di', 'shopee', 'sekarang'];['menjual', 'knalpot', 'racing', 'seped', 'repeated', 'seharga', 'rp225', 'number', 'dapatkan', 'shopee'];menjual knalpot racing seped repeated seharga rp225 number dapatkan shopee;jual knalpot racing seped repeated harga rp225 number dapat shopee
32;@Askrlfess Enggak nder seharusnya dipukul pake knalpot racing.;0;user enggak nder seharusnya dipukul pake knalpot racing;['user', 'enggak', 'nder', 'seharusnya', 'dipukul', 'pake', 'knalpot', 'racing'];['user', 'enggak', 'nder', 'seharusnya', 'dipukul', 'pakai', 'knalpot', 'racing'];['user', 'nder', 'dipukul', 'pakai', 'knalpot', 'racing'];user nder dipukul pakai knalpot racing;user nder pukul pakai knalpot racing
33;RT @fermendkis: Gak ada yang keren dari motor yang pake knalpot racing. Norak sih iya üôèüèª;1;rt user gak ada yang keren dari motor yang pake knalpot racing norak sih iya;['rt', 'user', 'gak', 'ada', 'yang', 'keren', 'dari', 'motor', 'yang', 'pake', 'knalpot', 'racing', 'norak', 'sih', 'iya'];['rt', 'user', 'tidak', 'ada', 'yang', 'keren', 'dari', 'motor', 'yang', 'pakai', 'knalpot', 'racing', 'norak', 'sih', 'iya'];['rt', 'user', 'keren', 'motor', 'pakai', 'knalpot', 'racing', 'norak', 'sih', 'iya'];rt user keren motor pakai knalpot racing norak sih iya;rt user keren motor pakai knalpot racing norak sih iya
34;Motor bebek pake knalpot racing 75ribu, lewat gang kecil disumpahin ibu-ibu.;-1;motor bebek pake knalpot racing 7 5 ribu lewat gang kecil disumpahin ibu ibu;['motor', 'bebek', 'pake', 'knalpot', 'racing', '7', '5', 'ribu', 'lewat', 'gang', 'kecil', 'disumpahin', 'ibu', 'ibu'];['motor', 'bebek', 'pakai', 'knalpot', 'racing', '7', '5', 'ribu', 'lewat', 'gang', 'kecil', 'disumpahin', 'ibu', 'ibu'];['motor', 'bebek', 'pakai', 'knalpot', 'racing', '7', '5', 'ribu', 'gang', 'disumpahin'];motor bebek pakai knalpot racing 7 5 ribu gang disumpahin;motor bebek pakai knalpot racing 7 5 ribu gang disumpahin
35;Ruponyo suaro berisik di kepala, lebih keras ketimbang suaro knalpot racing kau...;-1;ruponyo suaro berisik di kepala lebih keras ketimbang suaro knalpot racing kau repeated;['ruponyo', 'suaro', 'berisik', 'di', 'kepala', 'lebih', 'keras', 'ketimbang', 'suaro', 'knalpot', 'racing', 'kau', 'repeated'];['ruponyo', 'suaro', 'berisik', 'di', 'kepala', 'lebih', 'keras', 'daripada', 'suaro', 'knalpot', 'racing', 'kau', 'repeated'];['ruponyo', 'suaro', 'berisik', 'kepala', 'keras', 'suaro', 'knalpot', 'racing', 'kau', 'repeated'];ruponyo suaro berisik kepala keras suaro knalpot racing kau repeated;ruponyo suaro berisik kepala keras suaro knalpot racing kau repeated
36;anjing buat orang orang yg motornya pake knalpot racing;0;anjing buat orang orang yg motornya pake knalpot racing;['anjing', 'buat', 'orang', 'orang', 'yg', 'motornya', 'pake', 'knalpot', 'racing'];['anjing', 'buat', 'orang', 'orang', 'yang', 'motornya', 'pakai', 'knalpot', 'racing'];['anjing', 'orang', 'orang', 'motornya', 'pakai', 'knalpot', 'racing'];anjing orang orang motornya pakai knalpot racing;anjing orang orang motor pakai knalpot racing
37;@pacewhite1 bulan depan mau ganti knalpot racing;0;user bulan depan mau ganti knalpot racing;['user', 'bulan', 'depan', 'mau', 'ganti', 'knalpot', 'racing'];['user', 'bulan', 'depan', 'mau', 'ganti', 'knalpot', 'racing'];['user', 'ganti', 'knalpot', 'racing'];user ganti knalpot racing;user ganti knalpot racing
38;TAPI MAKASIH PAK KAPOLRI, SAATNYA PAKE KNALPOT RACING LAGI;1;allcaps tapi makasih pak kapolri allcaps allcaps saatnya pake knalpot racing lagi allcaps;['allcaps', 'tapi', 'makasih', 'pak', 'kapolri', 'allcaps', 'allcaps', 'saatnya', 'pake', 'knalpot', 'racing', 'lagi', 'allcaps'];['allcaps', 'tapi', 'makasih', 'pak', 'kapolri', 'allcaps', 'allcaps', 'saatnya', 'pakai', 'knalpot', 'racing', 'lagi', 'allcaps'];['allcaps', 'makasih', 'kapolri', 'allcaps', 'allcaps', 'pakai', 'knalpot', 'racing', 'allcaps'];allcaps makasih kapolri allcaps allcaps pakai knalpot racing allcaps;allcaps makasih kapolri allcaps allcaps pakai knalpot racing allcaps
39;"„Ö§„Ö§

Update chatan gue dan Caca. 

1. Caca udah putus sama pacarnya yang kayak knalpot racing itu. 

2. Caca sekaran‚Ä¶ https://t.co/3Pmsn6C59W";-1;update chatan gue dan caca number caca udah putus sama pacarnya yang kayak knalpot racing itu number caca sekaran;['update', 'chatan', 'gue', 'dan', 'caca', 'number', 'caca', 'udah', 'putus', 'sama', 'pacarnya', 'yang', 'kayak', 'knalpot', 'racing', 'itu', 'number', 'caca', 'sekaran'];['update', 'chatan', 'saya', 'dan', 'caca', 'number', 'caca', 'sudah', 'putus', 'sama', 'pacarnya', 'yang', 'kayak', 'knalpot', 'racing', 'itu', 'number', 'caca', 'sekaran'];['update', 'chatan', 'caca', 'number', 'caca', 'putus', 'pacarnya', 'kayak', 'knalpot', 'racing', 'number', 'caca', 'sekaran'];update chatan caca number caca putus pacarnya kayak knalpot racing number caca sekaran;update chatan caca number caca putus pacar kayak knalpot racing number caca sekar
40;@ssefnum minusnya adalah berisik banyak knalpot racing;-1;user minusnya adalah berisik banyak knalpot racing;['user', 'minusnya', 'adalah', 'berisik', 'banyak', 'knalpot', 'racing'];['user', 'minusnya', 'adalah', 'berisik', 'banyak', 'knalpot', 'racing'];['user', 'minusnya', 'berisik', 'knalpot', 'racing'];user minusnya berisik knalpot racing;user minus berisik knalpot racing
41;buset ini napas kenceng bener udeh kaya knalpot racing;1;buset ini napas kenceng bener udeh kaya knalpot racing;['buset', 'ini', 'napas', 'kenceng', 'bener', 'udeh', 'kaya', 'knalpot', 'racing'];['aduh', 'ini', 'napas', 'kenceng', 'benar', 'sudah', 'kaya', 'knalpot', 'racing'];['aduh', 'napas', 'kenceng', 'kaya', 'knalpot', 'racing'];aduh napas kenceng kaya knalpot racing;aduh napas kenceng kaya knalpot racing
42;@kostanalter apalah dayaku yang suaranya kaya knalpot racing;0;user apalah dayaku yang suaranya kaya knalpot racing;['user', 'apalah', 'dayaku', 'yang', 'suaranya', 'kaya', 'knalpot', 'racing'];['user', 'apalah', 'dayaku', 'yang', 'suaranya', 'kaya', 'knalpot', 'racing'];['user', 'apalah', 'dayaku', 'suaranya', 'kaya', 'knalpot', 'racing'];user apalah dayaku suaranya kaya knalpot racing;user apa daya suara kaya knalpot racing
43;Saya menjual Knalpot Racing Origi... seharga Rp875.000. Dapatkan di Shopee sekarang! https://t.co/wkenPBTbVo‚Ä¶ https://t.co/roc04AZnT0;0;saya menjual knalpot racing origi repeated seharga rp875 number dapatkan di shopee sekarang;['saya', 'menjual', 'knalpot', 'racing', 'origi', 'repeated', 'seharga', 'rp875', 'number', 'dapatkan', 'di', 'shopee', 'sekarang'];['saya', 'menjual', 'knalpot', 'racing', 'origi', 'repeated', 'seharga', 'rp875', 'number', 'dapatkan', 'di', 'shopee', 'sekarang'];['menjual', 'knalpot', 'racing', 'origi', 'repeated', 'seharga', 'rp875', 'number', 'dapatkan', 'shopee'];menjual knalpot racing origi repeated seharga rp875 number dapatkan shopee;jual knalpot racing origi repeated harga rp875 number dapat shopee
44;Saran knalpot racing yg bagus merk apa sih? Bingung nih https://t.co/IhY6CijriN;-1;saran knalpot racing yg bagus merk apa sih bingung nih;['saran', 'knalpot', 'racing', 'yg', 'bagus', 'merk', 'apa', 'sih', 'bingung', 'nih'];['saran', 'knalpot', 'racing', 'yang', 'bagus', 'merk', 'apa', 'sih', 'bingung', 'ini'];['saran', 'knalpot', 'racing', 'bagus', 'merk', 'sih', 'bingung'];saran knalpot racing bagus merk sih bingung;saran knalpot racing bagus merk sih bingung
45;"STOP MENGGUNAKAN KNALPOT RACING

@chryshnandadwilaksana
@roadsafety_policing
@divisihumaspolri 
@ntmc_polri‚Ä¶ https://t.co/y6J8wRvdDL";0;allcaps stop menggunakan knalpot racing allcaps user user user user;['allcaps', 'stop', 'menggunakan', 'knalpot', 'racing', 'allcaps', 'user', 'user', 'user', 'user'];['allcaps', 'stop', 'menggunakan', 'knalpot', 'racing', 'allcaps', 'user', 'user', 'user', 'user'];['allcaps', 'stop', 'knalpot', 'racing', 'allcaps', 'user', 'user', 'user', 'user'];allcaps stop knalpot racing allcaps user user user user;allcaps stop knalpot racing allcaps user user user user
46;masih mencari-cari, aerok yg ga pake knalpot racing ada ga si;0;masih mencari cari aerok yg ga pake knalpot racing ada ga si;['masih', 'mencari', 'cari', 'aerok', 'yg', 'ga', 'pake', 'knalpot', 'racing', 'ada', 'ga', 'si'];['masih', 'mencari', 'cari', 'aerok', 'yang', 'tidak', 'pakai', 'knalpot', 'racing', 'ada', 'tidak', 'sih'];['mencari', 'cari', 'aerok', 'pakai', 'knalpot', 'racing', 'sih'];mencari cari aerok pakai knalpot racing sih;cari cari aerok pakai knalpot racing sih
47;@fboneka Tau ya, parah banget. Belum aja nanti dia punya knalpot racing!;-1;user tau ya parah banget belum aja nanti dia punya knalpot racing;['user', 'tau', 'ya', 'parah', 'banget', 'belum', 'aja', 'nanti', 'dia', 'punya', 'knalpot', 'racing'];['user', 'tau', 'iya', 'parah', 'banget', 'belum', 'saja', 'nanti', 'dia', 'punya', 'knalpot', 'racing'];['user', 'tau', 'iya', 'parah', 'banget', 'knalpot', 'racing'];user tau iya parah banget knalpot racing;user tau iya parah banget knalpot racing
48;Motor bebek pake knalpot racing 75ribu, lewat gang kecil disumpahin ibu-ibu.;-1;motor bebek pake knalpot racing 7 5 ribu lewat gang kecil disumpahin ibu ibu;['motor', 'bebek', 'pake', 'knalpot', 'racing', '7', '5', 'ribu', 'lewat', 'gang', 'kecil', 'disumpahin', 'ibu', 'ibu'];['motor', 'bebek', 'pakai', 'knalpot', 'racing', '7', '5', 'ribu', 'lewat', 'gang', 'kecil', 'disumpahin', 'ibu', 'ibu'];['motor', 'bebek', 'pakai', 'knalpot', 'racing', '7', '5', 'ribu', 'gang', 'disumpahin'];motor bebek pakai knalpot racing 7 5 ribu gang disumpahin;motor bebek pakai knalpot racing 7 5 ribu gang disumpahin
49;@kegblgnunfaedh Pernah pake motor sport knalpot sudah racing, ketemu yg gini ku blayer bunyi semua alarmnya wkwk bodoh banget;-1;user pernah pake motor sport knalpot sudah racing ketemu yg gini ku blayer bunyi semua alarmnya wkwk bodoh banget;['user', 'pernah', 'pake', 'motor', 'sport', 'knalpot', 'sudah', 'racing', 'ketemu', 'yg', 'gini', 'ku', 'blayer', 'bunyi', 'semua', 'alarmnya', 'wkwk', 'bodoh', 'banget'];['user', 'pernah', 'pakai', 'motor', 'sport', 'knalpot', 'sudah', 'racing', 'ketemu', 'yang', 'gini', 'ku', 'blayer', 'bunyi', 'semua', 'alarmnya', 'wkwk', 'bodoh', 'banget'];['user', 'pakai', 'motor', 'sport', 'knalpot', 'racing', 'ketemu', 'gini', 'ku', 'blayer', 'bunyi', 'alarmnya', 'wkwk', 'bodoh', 'banget'];user pakai motor sport knalpot racing ketemu gini ku blayer bunyi alarmnya wkwk bodoh banget;user pakai motor sport knalpot racing ketemu gin ku blayer bunyi alarm wkwk bodoh banget
50;@AgeSani Bolongan irung e diganti knalpot racing wae ben mantep kak;0;user bolongan irung diganti knalpot racing wae ben mantep kak;['user', 'bolongan', 'irung', 'diganti', 'knalpot', 'racing', 'wae', 'ben', 'mantep', 'kak'];['user', 'bolongan', 'irung', 'diganti', 'knalpot', 'racing', 'wae', 'ben', 'bagus', 'kak'];['user', 'bolongan', 'irung', 'diganti', 'knalpot', 'racing', 'wae', 'ben', 'bagus', 'kak'];user bolongan irung diganti knalpot racing wae ben bagus kak;user bolong irung ganti knalpot racing wae ben bagus kak
51;"Lain-lain:
-Knalpot CLD std racing
-Selang rem KTC (new)
-Ban d/b FDR MP 27 (new)
-Body halus full ori (new)
-Body‚Ä¶ https://t.co/PAnf6hY2Mg";1;lain lain knalpot allcaps cld allcaps std racing selang rem allcaps ktc allcaps new ban allcaps fdr mp allcaps number new body halus full ori new body;['lain', 'lain', 'knalpot', 'allcaps', 'cld', 'allcaps', 'std', 'racing', 'selang', 'rem', 'allcaps', 'ktc', 'allcaps', 'new', 'ban', 'allcaps', 'fdr', 'mp', 'allcaps', 'number', 'new', 'body', 'halus', 'full', 'ori', 'new', 'body'];['lain', 'lain', 'knalpot', 'allcaps', 'cld', 'allcaps', 'std', 'racing', 'selang', 'rem', 'allcaps', 'ktc', 'allcaps', 'new', 'ban', 'allcaps', 'fdr', 'mp', 'allcaps', 'number', 'new', 'body', 'halus', 'penuh', 'ori', 'new', 'body'];['knalpot', 'allcaps', 'cld', 'allcaps', 'std', 'racing', 'selang', 'rem', 'allcaps', 'ktc', 'allcaps', 'new', 'ban', 'allcaps', 'fdr', 'mp', 'allcaps', 'number', 'new', 'body', 'halus', 'penuh', 'ori', 'new', 'body'];knalpot allcaps cld allcaps std racing selang rem allcaps ktc allcaps new ban allcaps fdr mp allcaps number new body halus penuh ori new body;knalpot allcaps cld allcaps std racing selang rem allcaps ktc allcaps new ban allcaps fdr mp allcaps number new body halus penuh ori new body
52;Udah di fase mulai ga suka suara knalpot racing, tapi kalo denger yg 2cyl up, kok malah jatuh cinta ya? ü´†ü´†ü´†;1;udah di fase mulai ga suka suara knalpot racing tapi kalo denger yg 2 cyl up kok malah jatuh cinta ya;['udah', 'di', 'fase', 'mulai', 'ga', 'suka', 'suara', 'knalpot', 'racing', 'tapi', 'kalo', 'denger', 'yg', '2', 'cyl', 'up', 'kok', 'malah', 'jatuh', 'cinta', 'ya'];['sudah', 'di', 'fase', 'mulai', 'tidak', 'suka', 'suara', 'knalpot', 'racing', 'tapi', 'kalau', 'dengar', 'yang', '2', 'cyl', 'up', 'kok', 'malah', 'jatuh', 'cinta', 'iya'];['fase', 'suka', 'suara', 'knalpot', 'racing', 'dengar', '2', 'cyl', 'up', 'jatuh', 'cinta', 'iya'];fase suka suara knalpot racing dengar 2 cyl up jatuh cinta iya;fase suka suara knalpot racing dengar 2 cyl up jatuh cinta iya
53;"Yg lebih norak dari mas mas knalpot racing, adalah 

tuan nyonya punya mobil ga punya garasi";1;yg lebih norak dari mas mas knalpot racing adalah tuan nyonya punya mobil ga punya garasi;['yg', 'lebih', 'norak', 'dari', 'mas', 'mas', 'knalpot', 'racing', 'adalah', 'tuan', 'nyonya', 'punya', 'mobil', 'ga', 'punya', 'garasi'];['yang', 'lebih', 'norak', 'dari', 'mas', 'mas', 'knalpot', 'racing', 'adalah', 'tuan', 'nyonya', 'punya', 'mobil', 'tidak', 'punya', 'garasi'];['norak', 'mas', 'mas', 'knalpot', 'racing', 'tuan', 'nyonya', 'mobil', 'garasi'];norak mas mas knalpot racing tuan nyonya mobil garasi;norak mas mas knalpot racing tuan nyonya mobil garasi
54;@wonwocc TADI KNALPOT RACING.;0;user allcaps tadi knalpot racing allcaps;['user', 'allcaps', 'tadi', 'knalpot', 'racing', 'allcaps'];['user', 'allcaps', 'tadi', 'knalpot', 'racing', 'allcaps'];['user', 'allcaps', 'knalpot', 'racing', 'allcaps'];user allcaps knalpot racing allcaps;user allcaps knalpot racing allcaps
55;@karincyoo @haecchna Muncul lg itu knalpot racing;0;user user muncul lg itu knalpot racing;['user', 'user', 'muncul', 'lg', 'itu', 'knalpot', 'racing'];['user', 'user', 'muncul', 'lg', 'itu', 'knalpot', 'racing'];['user', 'user', 'muncul', 'lg', 'knalpot', 'racing'];user user muncul lg knalpot racing;user user muncul lg knalpot racing
56;@wonwocc hallo hyung knalpot racing.;0;user hallo hyung knalpot racing;['user', 'hallo', 'hyung', 'knalpot', 'racing'];['user', 'hallo', 'hyung', 'knalpot', 'racing'];['user', 'hallo', 'hyung', 'knalpot', 'racing'];user hallo hyung knalpot racing;user hallo hyung knalpot racing
57;@eunseodk Y masama knalpot racing;0;user masama knalpot racing;['user', 'masama', 'knalpot', 'racing'];['user', 'masama', 'knalpot', 'racing'];['user', 'masama', 'knalpot', 'racing'];user masama knalpot racing;user masama knalpot racing
58;@kithjuni di sini yang blonde motornya knalpot racing;0;user di sini yang blonde motornya knalpot racing;['user', 'di', 'sini', 'yang', 'blonde', 'motornya', 'knalpot', 'racing'];['user', 'di', 'sini', 'yang', 'blonde', 'motornya', 'knalpot', 'racing'];['user', 'blonde', 'motornya', 'knalpot', 'racing'];user blonde motornya knalpot racing;user blonde motor knalpot racing
59;RT @ardianrm: @ezash Ada matic make knalpot racing aja udah aneh üòì;-1;rt user user ada matic make knalpot racing aja udah aneh;['rt', 'user', 'user', 'ada', 'matic', 'make', 'knalpot', 'racing', 'aja', 'udah', 'aneh'];['rt', 'user', 'user', 'ada', 'matic', 'make', 'knalpot', 'racing', 'saja', 'sudah', 'aneh'];['rt', 'user', 'user', 'matic', 'make', 'knalpot', 'racing', 'aneh'];rt user user matic make knalpot racing aneh;rt user user matic make knalpot racing aneh
60;@laahluapa Knalpot racing, gespulna di bere minyak kayu putih beuh mantapü§£;0;user knalpot racing gespulna di bere minyak kayu putih beuh mantap;['user', 'knalpot', 'racing', 'gespulna', 'di', 'bere', 'minyak', 'kayu', 'putih', 'beuh', 'mantap'];['user', 'knalpot', 'racing', 'gespulna', 'di', 'bere', 'minyak', 'kayu', 'putih', 'beuh', 'mantap'];['user', 'knalpot', 'racing', 'gespulna', 'bere', 'minyak', 'kayu', 'putih', 'beuh', 'mantap'];user knalpot racing gespulna bere minyak kayu putih beuh mantap;user knalpot racing gespulna bere minyak kayu putih beuh mantap
61;RT @ardianrm: @ezash Ada matic make knalpot racing aja udah aneh üòì;-1;rt user user ada matic make knalpot racing aja udah aneh;['rt', 'user', 'user', 'ada', 'matic', 'make', 'knalpot', 'racing', 'aja', 'udah', 'aneh'];['rt', 'user', 'user', 'ada', 'matic', 'make', 'knalpot', 'racing', 'saja', 'sudah', 'aneh'];['rt', 'user', 'user', 'matic', 'make', 'knalpot', 'racing', 'aneh'];rt user user matic make knalpot racing aneh;rt user user matic make knalpot racing aneh
62;"@eunseodk ts jadi klakson motor dan harus ngetik ""tinnnn tinnnnnn ngengggg"" di setiap tweet

@wonwocc ts jadi knalp‚Ä¶ https://t.co/JJQKcSLM5w";0;user ts jadi klakson motor dan harus ngetik tin elongated tin elongated ngengg elongated di setiap tweet user ts jadi knalp;['user', 'ts', 'jadi', 'klakson', 'motor', 'dan', 'harus', 'ngetik', 'tin', 'elongated', 'tin', 'elongated', 'ngengg', 'elongated', 'di', 'setiap', 'tweet', 'user', 'ts', 'jadi', 'knalp'];['user', 'ts', 'jadi', 'klakson', 'motor', 'dan', 'harus', 'mengetik', 'tin', 'elongated', 'tin', 'elongated', 'ngengg', 'elongated', 'di', 'setiap', 'tweet', 'user', 'ts', 'jadi', 'knalp'];['user', 'ts', 'klakson', 'motor', 'mengetik', 'tin', 'elongated', 'tin', 'elongated', 'ngengg', 'elongated', 'tweet', 'user', 'ts', 'knalp'];user ts klakson motor mengetik tin elongated tin elongated ngengg elongated tweet user ts knalp;user ts klakson motor etik tin elongated tin elongated ngengg elongated tweet user ts knalp
63;RT @ardianrm: @ezash Ada matic make knalpot racing aja udah aneh üòì;-1;rt user user ada matic make knalpot racing aja udah aneh;['rt', 'user', 'user', 'ada', 'matic', 'make', 'knalpot', 'racing', 'aja', 'udah', 'aneh'];['rt', 'user', 'user', 'ada', 'matic', 'make', 'knalpot', 'racing', 'saja', 'sudah', 'aneh'];['rt', 'user', 'user', 'matic', 'make', 'knalpot', 'racing', 'aneh'];rt user user matic make knalpot racing aneh;rt user user matic make knalpot racing aneh
64;orang yg pake satria fu knalpot racing kelak dineraka tulang keringnya di hantam kunci pass kupingnya ditempelin kn‚Ä¶ https://t.co/Hf7LDuqqe6;0;orang yg pake satria fu knalpot racing kelak dineraka tulang keringnya di hantam kunci pass kupingnya ditempelin kn;['orang', 'yg', 'pake', 'satria', 'fu', 'knalpot', 'racing', 'kelak', 'dineraka', 'tulang', 'keringnya', 'di', 'hantam', 'kunci', 'pass', 'kupingnya', 'ditempelin', 'kn'];['orang', 'yang', 'pakai', 'satria', 'fu', 'knalpot', 'racing', 'kelak', 'dineraka', 'tulang', 'keringnya', 'di', 'hantam', 'kunci', 'pass', 'kupingnya', 'ditempelin', 'kn'];['orang', 'pakai', 'satria', 'fu', 'knalpot', 'racing', 'kelak', 'dineraka', 'tulang', 'keringnya', 'hantam', 'kunci', 'pass', 'kupingnya', 'ditempelin', 'kn'];orang pakai satria fu knalpot racing kelak dineraka tulang keringnya hantam kunci pass kupingnya ditempelin kn;orang pakai satria fu knalpot racing kelak neraka tulang kering hantam kunci pass kuping ditempelin kn
65;"Orang yang make knalpot racing harusnya dihukum dengar babyshark 24 jam nonstop

#knalpot #racing #motorin";0;orang yang make knalpot racing harusnya dihukum dengar babyshark number jam nonstop hashtag knalpot hashtag hashtag racing hashtag hashtag motor in hashtag;['orang', 'yang', 'make', 'knalpot', 'racing', 'harusnya', 'dihukum', 'dengar', 'babyshark', 'number', 'jam', 'nonstop', 'hashtag', 'knalpot', 'hashtag', 'hashtag', 'racing', 'hashtag', 'hashtag', 'motor', 'in', 'hashtag'];['orang', 'yang', 'make', 'knalpot', 'racing', 'harusnya', 'dihukum', 'dengar', 'babyshark', 'number', 'jam', 'nonstop', 'hashtag', 'knalpot', 'hashtag', 'hashtag', 'racing', 'hashtag', 'hashtag', 'motor', 'in', 'hashtag'];['orang', 'make', 'knalpot', 'racing', 'dihukum', 'dengar', 'babyshark', 'number', 'jam', 'nonstop', 'hashtag', 'knalpot', 'hashtag', 'hashtag', 'racing', 'hashtag', 'hashtag', 'motor', 'in', 'hashtag'];orang make knalpot racing dihukum dengar babyshark number jam nonstop hashtag knalpot hashtag hashtag racing hashtag hashtag motor in hashtag;orang make knalpot racing hukum dengar babyshark number jam nonstop hashtag knalpot hashtag hashtag racing hashtag hashtag motor in hashtag
66;RT @ardianrm: @ezash Ada matic make knalpot racing aja udah aneh üòì;-1;rt user user ada matic make knalpot racing aja udah aneh;['rt', 'user', 'user', 'ada', 'matic', 'make', 'knalpot', 'racing', 'aja', 'udah', 'aneh'];['rt', 'user', 'user', 'ada', 'matic', 'make', 'knalpot', 'racing', 'saja', 'sudah', 'aneh'];['rt', 'user', 'user', 'matic', 'make', 'knalpot', 'racing', 'aneh'];rt user user matic make knalpot racing aneh;rt user user matic make knalpot racing aneh
67;RT @ardianrm: @ezash Ada matic make knalpot racing aja udah aneh üòì;-1;rt user user ada matic make knalpot racing aja udah aneh;['rt', 'user', 'user', 'ada', 'matic', 'make', 'knalpot', 'racing', 'aja', 'udah', 'aneh'];['rt', 'user', 'user', 'ada', 'matic', 'make', 'knalpot', 'racing', 'saja', 'sudah', 'aneh'];['rt', 'user', 'user', 'matic', 'make', 'knalpot', 'racing', 'aneh'];rt user user matic make knalpot racing aneh;rt user user matic make knalpot racing aneh
68;RT @ardianrm: @ezash Ada matic make knalpot racing aja udah aneh üòì;-1;rt user user ada matic make knalpot racing aja udah aneh;['rt', 'user', 'user', 'ada', 'matic', 'make', 'knalpot', 'racing', 'aja', 'udah', 'aneh'];['rt', 'user', 'user', 'ada', 'matic', 'make', 'knalpot', 'racing', 'saja', 'sudah', 'aneh'];['rt', 'user', 'user', 'matic', 'make', 'knalpot', 'racing', 'aneh'];rt user user matic make knalpot racing aneh;rt user user matic make knalpot racing aneh
69;Motor matic pake knalpot racing aja udah aneh https://t.co/c092ablSjj;-1;motor matic pake knalpot racing aja udah aneh;['motor', 'matic', 'pake', 'knalpot', 'racing', 'aja', 'udah', 'aneh'];['motor', 'matic', 'pakai', 'knalpot', 'racing', 'saja', 'sudah', 'aneh'];['motor', 'matic', 'pakai', 'knalpot', 'racing', 'aneh'];motor matic pakai knalpot racing aneh;motor matic pakai knalpot racing aneh
70;RT @ardianrm: @ezash Ada matic make knalpot racing aja udah aneh üòì;-1;rt user user ada matic make knalpot racing aja udah aneh;['rt', 'user', 'user', 'ada', 'matic', 'make', 'knalpot', 'racing', 'aja', 'udah', 'aneh'];['rt', 'user', 'user', 'ada', 'matic', 'make', 'knalpot', 'racing', 'saja', 'sudah', 'aneh'];['rt', 'user', 'user', 'matic', 'make', 'knalpot', 'racing', 'aneh'];rt user user matic make knalpot racing aneh;rt user user matic make knalpot racing aneh
71;@ezash Ada matic make knalpot racing aja udah aneh üòì;-1;user ada matic make knalpot racing aja udah aneh;['user', 'ada', 'matic', 'make', 'knalpot', 'racing', 'aja', 'udah', 'aneh'];['user', 'ada', 'matic', 'make', 'knalpot', 'racing', 'saja', 'sudah', 'aneh'];['user', 'matic', 'make', 'knalpot', 'racing', 'aneh'];user matic make knalpot racing aneh;user matic make knalpot racing aneh
72;@kanbmoto @JlMINCLASSY WKWKWKWKW Besok kita lihat ada yang jadi knalpot racing. ü§©;0;user user allcaps wkwkwkwkw allcaps besok kita lihat ada yang jadi knalpot racing;['user', 'user', 'allcaps', 'wkwkwkwkw', 'allcaps', 'besok', 'kita', 'lihat', 'ada', 'yang', 'jadi', 'knalpot', 'racing'];['user', 'user', 'allcaps', 'wkwkwkwkw', 'allcaps', 'besok', 'kita', 'lihat', 'ada', 'yang', 'jadi', 'knalpot', 'racing'];['user', 'user', 'allcaps', 'wkwkwkwkw', 'allcaps', 'besok', 'lihat', 'knalpot', 'racing'];user user allcaps wkwkwkwkw allcaps besok lihat knalpot racing;user user allcaps wkwkwkwkw allcaps besok lihat knalpot racing
73;@satriovaz_ @maxversatan @bangopang_ @Arief_Raa CB yang divideo itu knalpot pake ori GL yang udah dibedel/bobok. Ka‚Ä¶ https://t.co/MfH1YjpMgn;0;user user user user cb yang divideo itu knalpot pake ori gl yang udah dibedel bobok ka;['user', 'user', 'user', 'user', 'cb', 'yang', 'divideo', 'itu', 'knalpot', 'pake', 'ori', 'gl', 'yang', 'udah', 'dibedel', 'bobok', 'ka'];['user', 'user', 'user', 'user', 'cb', 'yang', 'divideo', 'itu', 'knalpot', 'pakai', 'ori', 'gl', 'yang', 'sudah', 'dibedel', 'bobok', 'ka'];['user', 'user', 'user', 'user', 'cb', 'divideo', 'knalpot', 'pakai', 'ori', 'gl', 'dibedel', 'bobok', 'ka'];user user user user cb divideo knalpot pakai ori gl dibedel bobok ka;user user user user cb video knalpot pakai ori gl bedel bobok ka
74;@podcastretropus Cot banget knalpot racing;1;user cot banget knalpot racing;['user', 'cot', 'banget', 'knalpot', 'racing'];['user', 'cot', 'banget', 'knalpot', 'racing'];['user', 'cot', 'banget', 'knalpot', 'racing'];user cot banget knalpot racing;user cot banget knalpot racing
75;@tololmeroket Lah terus itu kenapa knalpot racing ga ditutup aja pabrik nya pak ? Ato pabrik pisau dapur aja sekali‚Ä¶ https://t.co/P1CVi6qpy7;-1;user lah terus itu kenapa knalpot racing ga ditutup aja pabrik nya pak ato pabrik pisau dapur aja sekali;['user', 'lah', 'terus', 'itu', 'kenapa', 'knalpot', 'racing', 'ga', 'ditutup', 'aja', 'pabrik', 'nya', 'pak', 'ato', 'pabrik', 'pisau', 'dapur', 'aja', 'sekali'];['user', 'lah', 'terus', 'itu', 'kenapa', 'knalpot', 'racing', 'tidak', 'ditutup', 'saja', 'pabrik', 'nya', 'pak', 'ato', 'pabrik', 'pisau', 'dapur', 'saja', 'sekali'];['user', 'knalpot', 'racing', 'ditutup', 'pabrik', 'nya', 'ato', 'pabrik', 'pisau', 'dapur'];user knalpot racing ditutup pabrik nya ato pabrik pisau dapur;user knalpot racing tutup pabrik nya ato pabrik pisau dapur
76;kamu kalo ga kerja mending jadi knalpot racing aja;1;kamu kalo ga kerja mending jadi knalpot racing aja;['kamu', 'kalo', 'ga', 'kerja', 'mending', 'jadi', 'knalpot', 'racing', 'aja'];['kamu', 'kalau', 'tidak', 'kerja', 'baiknya', 'jadi', 'knalpot', 'racing', 'saja'];['kerja', 'baiknya', 'knalpot', 'racing'];kerja baiknya knalpot racing;kerja baik knalpot racing
77;Motor bebek pake knalpot racing 75ribu, lewat gang kecil disumpahin ibu-ibu.;-1;motor bebek pake knalpot racing 7 5 ribu lewat gang kecil disumpahin ibu ibu;['motor', 'bebek', 'pake', 'knalpot', 'racing', '7', '5', 'ribu', 'lewat', 'gang', 'kecil', 'disumpahin', 'ibu', 'ibu'];['motor', 'bebek', 'pakai', 'knalpot', 'racing', '7', '5', 'ribu', 'lewat', 'gang', 'kecil', 'disumpahin', 'ibu', 'ibu'];['motor', 'bebek', 'pakai', 'knalpot', 'racing', '7', '5', 'ribu', 'gang', 'disumpahin'];motor bebek pakai knalpot racing 7 5 ribu gang disumpahin;motor bebek pakai knalpot racing 7 5 ribu gang disumpahin
78;RT @Anarkocheng: Ga kebayang kalo pecahnya dijalan kena muka pengendara lain. Semakin ada alasan buat anjing-anjingin knalpot berisik sok r‚Ä¶;1;rt user ga kebayang kalo pecahnya dijalan kena muka pengendara lain semakin ada alasan buat anjing anjingin knalpot berisik sok;['rt', 'user', 'ga', 'kebayang', 'kalo', 'pecahnya', 'dijalan', 'kena', 'muka', 'pengendara', 'lain', 'semakin', 'ada', 'alasan', 'buat', 'anjing', 'anjingin', 'knalpot', 'berisik', 'sok'];['rt', 'user', 'tidak', 'kebayang', 'kalau', 'pecahnya', 'dijalan', 'kena', 'muka', 'pengendara', 'lain', 'semakin', 'ada', 'alasan', 'buat', 'anjing', 'anjingin', 'knalpot', 'berisik', 'sok'];['rt', 'user', 'kebayang', 'pecahnya', 'dijalan', 'kena', 'muka', 'pengendara', 'alasan', 'anjing', 'anjingin', 'knalpot', 'berisik', 'sok'];rt user kebayang pecahnya dijalan kena muka pengendara alasan anjing anjingin knalpot berisik sok;rt user bayang pecah jalan kena muka kendara alas anjing anjingin knalpot berisik sok
79;@BijiSalak18 @Rizkywinaya @ernestprakasa pake fake knalpot racing yg isinya speaker kang tahu bulat aja ü§òüèª;-1;user user user pake fake knalpot racing yg isinya speaker kang tahu bulat aja;['user', 'user', 'user', 'pake', 'fake', 'knalpot', 'racing', 'yg', 'isinya', 'speaker', 'kang', 'tahu', 'bulat', 'aja'];['user', 'user', 'user', 'pakai', 'fake', 'knalpot', 'racing', 'yang', 'isinya', 'speaker', 'kang', 'tahu', 'bulat', 'saja'];['user', 'user', 'user', 'pakai', 'fake', 'knalpot', 'racing', 'isinya', 'speaker', 'kang', 'bulat'];user user user pakai fake knalpot racing isinya speaker kang bulat;user user user pakai fake knalpot racing isi speaker kang bulat
80;Ga kebayang kalo pecahnya dijalan kena muka pengendara lain. Semakin ada alasan buat anjing-anjingin knalpot berisi‚Ä¶ https://t.co/QxRbA5vqNt;1;ga kebayang kalo pecahnya dijalan kena muka pengendara lain semakin ada alasan buat anjing anjingin knalpot berisi;['ga', 'kebayang', 'kalo', 'pecahnya', 'dijalan', 'kena', 'muka', 'pengendara', 'lain', 'semakin', 'ada', 'alasan', 'buat', 'anjing', 'anjingin', 'knalpot', 'berisi'];['tidak', 'kebayang', 'kalau', 'pecahnya', 'dijalan', 'kena', 'muka', 'pengendara', 'lain', 'semakin', 'ada', 'alasan', 'buat', 'anjing', 'anjingin', 'knalpot', 'berisi'];['kebayang', 'pecahnya', 'dijalan', 'kena', 'muka', 'pengendara', 'alasan', 'anjing', 'anjingin', 'knalpot', 'berisi'];kebayang pecahnya dijalan kena muka pengendara alasan anjing anjingin knalpot berisi;bayang pecah jalan kena muka kendara alas anjing anjingin knalpot isi
81;tolonglah motor kalo cuman 1 silinder jangan ganti knalpot racing;0;tolonglah motor kalo cuman number silinder jangan ganti knalpot racing;['tolonglah', 'motor', 'kalo', 'cuman', 'number', 'silinder', 'jangan', 'ganti', 'knalpot', 'racing'];['tolonglah', 'motor', 'kalau', 'cuma', 'number', 'silinder', 'jangan', 'ganti', 'knalpot', 'racing'];['tolonglah', 'motor', 'number', 'silinder', 'ganti', 'knalpot', 'racing'];tolonglah motor number silinder ganti knalpot racing;tolong motor number silinder ganti knalpot racing
82;@Arief_Raa tambahan buat ngabers matic yang pake knalpot racing: itu knalpot cuman ngeden doang bang, gaenak di telinga;0;user tambahan buat ngabers matic yang pake knalpot racing itu knalpot cuman ngeden doang bang gaenak di telinga;['user', 'tambahan', 'buat', 'ngabers', 'matic', 'yang', 'pake', 'knalpot', 'racing', 'itu', 'knalpot', 'cuman', 'ngeden', 'doang', 'bang', 'gaenak', 'di', 'telinga'];['user', 'tambahan', 'buat', 'ngabers', 'matic', 'yang', 'pakai', 'knalpot', 'racing', 'itu', 'knalpot', 'cuma', 'ngeden', 'saja', 'bang', 'gaenak', 'di', 'telinga'];['user', 'tambahan', 'ngabers', 'matic', 'pakai', 'knalpot', 'racing', 'knalpot', 'ngeden', 'bang', 'gaenak', 'telinga'];user tambahan ngabers matic pakai knalpot racing knalpot ngeden bang gaenak telinga;user tambah ngabers matic pakai knalpot racing knalpot ngeden bang gaenak telinga
83;Saya menjual Knalpot Racing Fulls... seharga Rp955.000. Dapatkan di Shopee sekarang! https://t.co/iBjfN1jlf6‚Ä¶ https://t.co/IR2aCDxofp;0;saya menjual knalpot racing fulls repeated seharga rp955 number dapatkan di shopee sekarang;['saya', 'menjual', 'knalpot', 'racing', 'fulls', 'repeated', 'seharga', 'rp955', 'number', 'dapatkan', 'di', 'shopee', 'sekarang'];['saya', 'menjual', 'knalpot', 'racing', 'fulls', 'repeated', 'seharga', 'rp955', 'number', 'dapatkan', 'di', 'shopee', 'sekarang'];['menjual', 'knalpot', 'racing', 'fulls', 'repeated', 'seharga', 'rp955', 'number', 'dapatkan', 'shopee'];menjual knalpot racing fulls repeated seharga rp955 number dapatkan shopee;jual knalpot racing fulls repeated harga rp955 number dapat shopee
84;Saya menjual Knalpot Mobil Racing... seharga Rp575.000. Dapatkan di Shopee sekarang! https://t.co/fdNlXAGaKG‚Ä¶ https://t.co/mggJJAkO7t;0;saya menjual knalpot mobil racing repeated seharga rp575 number dapatkan di shopee sekarang;['saya', 'menjual', 'knalpot', 'mobil', 'racing', 'repeated', 'seharga', 'rp575', 'number', 'dapatkan', 'di', 'shopee', 'sekarang'];['saya', 'menjual', 'knalpot', 'mobil', 'racing', 'repeated', 'seharga', 'rp575', 'number', 'dapatkan', 'di', 'shopee', 'sekarang'];['menjual', 'knalpot', 'mobil', 'racing', 'repeated', 'seharga', 'rp575', 'number', 'dapatkan', 'shopee'];menjual knalpot mobil racing repeated seharga rp575 number dapatkan shopee;jual knalpot mobil racing repeated harga rp575 number dapat shopee
85;Motor 150 cc kalau riding sama nyalip gausah banyak gaya. Mau pake knalpot racing mahal pun suara lu ttp jelek, gau‚Ä¶ https://t.co/X655JbTkU7;-1;motor number cc kalau riding sama nyalip gausah banyak gaya mau pake knalpot racing mahal pun suara lu ttp jelek gau;['motor', 'number', 'cc', 'kalau', 'riding', 'sama', 'nyalip', 'gausah', 'banyak', 'gaya', 'mau', 'pake', 'knalpot', 'racing', 'mahal', 'pun', 'suara', 'lu', 'ttp', 'jelek', 'gau'];['motor', 'number', 'cc', 'kalau', 'riding', 'sama', 'nyalip', 'gausah', 'banyak', 'gaya', 'mau', 'pakai', 'knalpot', 'racing', 'mahal', 'pun', 'suara', 'kamu', 'tetap', 'jelek', 'gau'];['motor', 'number', 'cc', 'riding', 'nyalip', 'gausah', 'gaya', 'pakai', 'knalpot', 'racing', 'mahal', 'suara', 'jelek', 'gau'];motor number cc riding nyalip gausah gaya pakai knalpot racing mahal suara jelek gau;motor number cc riding nyalip gausah gaya pakai knalpot racing mahal suara jelek gau
86;"SI TOLOL SI KNTL SI PALING ON TIME

-Punya kendaraan akselarasi harus oke,
-Top speed harus dpt 120 km++,
-Knalpot‚Ä¶ https://t.co/9gncp4LO5F";1;allcaps si tolol si kntl si paling on time allcaps punya kendaraan akselarasi harus oke top speed harus dpt number km knalpot;['allcaps', 'si', 'tolol', 'si', 'kntl', 'si', 'paling', 'on', 'time', 'allcaps', 'punya', 'kendaraan', 'akselarasi', 'harus', 'oke', 'top', 'speed', 'harus', 'dpt', 'number', 'km', 'knalpot'];['allcaps', 'sih', 'tolol', 'sih', 'kntl', 'sih', 'paling', 'on', 'time', 'allcaps', 'punya', 'kendaraan', 'akselarasi', 'harus', 'oke', 'top', 'speed', 'harus', 'dapat ', 'number', 'kamu', 'knalpot'];['allcaps', 'sih', 'tolol', 'sih', 'kntl', 'sih', 'on', 'time', 'allcaps', 'kendaraan', 'akselarasi', 'oke', 'top', 'speed', 'dapat ', 'number', 'knalpot'];allcaps sih tolol sih kntl sih on time allcaps kendaraan akselarasi oke top speed dapat  number knalpot;allcaps sih tolol sih kntl sih on time allcaps kendara akselarasi oke top speed dapat number knalpot
87;Motor bebek pake knalpot racing 75ribu, lewat gang kecil disumpahin ibu-ibu.;-1;motor bebek pake knalpot racing 7 5 ribu lewat gang kecil disumpahin ibu ibu;['motor', 'bebek', 'pake', 'knalpot', 'racing', '7', '5', 'ribu', 'lewat', 'gang', 'kecil', 'disumpahin', 'ibu', 'ibu'];['motor', 'bebek', 'pakai', 'knalpot', 'racing', '7', '5', 'ribu', 'lewat', 'gang', 'kecil', 'disumpahin', 'ibu', 'ibu'];['motor', 'bebek', 'pakai', 'knalpot', 'racing', '7', '5', 'ribu', 'gang', 'disumpahin'];motor bebek pakai knalpot racing 7 5 ribu gang disumpahin;motor bebek pakai knalpot racing 7 5 ribu gang disumpahin
88;Mending jamal knalpot atau jamal racing ya;1;mending jamal knalpot atau jamal racing ya;['mending', 'jamal', 'knalpot', 'atau', 'jamal', 'racing', 'ya'];['baiknya', 'jamal', 'knalpot', 'atau', 'jamal', 'racing', 'iya'];['baiknya', 'jamal', 'knalpot', 'jamal', 'racing', 'iya'];baiknya jamal knalpot jamal racing iya;baik jamal knalpot jamal racing iya
89;"@izdhaarul mo kenceng, korek harian low budget cukup pake cdi racing &amp; ganti knalpot

pengalaman pribadi waktu akti‚Ä¶ https://t.co/c9dKqEfBjK";1;user mo kenceng korek harian low budget cukup pake cdi racing ganti knalpot pengalaman pribadi waktu akti;['user', 'mo', 'kenceng', 'korek', 'harian', 'low', 'budget', 'cukup', 'pake', 'cdi', 'racing', 'ganti', 'knalpot', 'pengalaman', 'pribadi', 'waktu', 'akti'];['user', 'mo', 'kenceng', 'korek', 'harian', 'low', 'budget', 'cukup', 'pakai', 'cdi', 'racing', 'ganti', 'knalpot', 'pengalaman', 'pribadi', 'waktu', 'akti'];['user', 'mo', 'kenceng', 'korek', 'harian', 'low', 'budget', 'pakai', 'cdi', 'racing', 'ganti', 'knalpot', 'pengalaman', 'pribadi', 'akti'];user mo kenceng korek harian low budget pakai cdi racing ganti knalpot pengalaman pribadi akti;user mo kenceng korek hari low budget pakai cdi racing ganti knalpot alam pribadi akti
90;@favoritever lebih kek knalpot racing si;1;user lebih kek knalpot racing si;['user', 'lebih', 'kek', 'knalpot', 'racing', 'si'];['user', 'lebih', 'kayak', 'knalpot', 'racing', 'sih'];['user', 'kayak', 'knalpot', 'racing', 'sih'];user kayak knalpot racing sih;user kayak knalpot racing sih
91;@ernestprakasa Mobil/ motor listrik itu bisa ganti pake knalpot racing gak sih?;0;user mobil motor listrik itu bisa ganti pake knalpot racing gak sih;['user', 'mobil', 'motor', 'listrik', 'itu', 'bisa', 'ganti', 'pake', 'knalpot', 'racing', 'gak', 'sih'];['user', 'mobil', 'motor', 'listrik', 'itu', 'bisa', 'ganti', 'pakai', 'knalpot', 'racing', 'tidak', 'sih'];['user', 'mobil', 'motor', 'listrik', 'ganti', 'pakai', 'knalpot', 'racing', 'sih'];user mobil motor listrik ganti pakai knalpot racing sih;user mobil motor listrik ganti pakai knalpot racing sih
92;@MilNaGanteng A. motor soalny nadit koleksi knalpot racing https://t.co/Z3HuqjyYVe;0;user motor soalny nadit koleksi knalpot racing;['user', 'motor', 'soalny', 'nadit', 'koleksi', 'knalpot', 'racing'];['user', 'motor', 'soalny', 'nadit', 'koleksi', 'knalpot', 'racing'];['user', 'motor', 'soalny', 'nadit', 'koleksi', 'knalpot', 'racing'];user motor soalny nadit koleksi knalpot racing;user motor soalny nadit koleksi knalpot racing
93;"di lehermu terkalung sebuah pod
yang kau hisap sampai kempot
layaknya racing knalpot
yang selalu membuat kita repot";-1;di lehermu terkalung sebuah pod yang kau hisap sampai kempot layaknya racing knalpot yang selalu membuat kita repot;['di', 'lehermu', 'terkalung', 'sebuah', 'pod', 'yang', 'kau', 'hisap', 'sampai', 'kempot', 'layaknya', 'racing', 'knalpot', 'yang', 'selalu', 'membuat', 'kita', 'repot'];['di', 'lehermu', 'terkalung', 'sebuah', 'pod', 'yang', 'kau', 'hisap', 'sampai', 'kempot', 'layaknya', 'racing', 'knalpot', 'yang', 'selalu', 'membuat', 'kita', 'repot'];['lehermu', 'terkalung', 'pod', 'kau', 'hisap', 'kempot', 'layaknya', 'racing', 'knalpot', 'repot'];lehermu terkalung pod kau hisap kempot layaknya racing knalpot repot;leher kalung pod kau hisap kempot layak racing knalpot repot
94;Bebas lah rek make naon ge asal tong nganggo knalpot racing nu gandeng weh!!! Red flag pake banget üö© https://t.co/zoJME2TkW0;1;bebas lah rek make naon ge asal tong nganggo knalpot racing nu gandeng weh repeated red flag pake banget;['bebas', 'lah', 'rek', 'make', 'naon', 'ge', 'asal', 'tong', 'nganggo', 'knalpot', 'racing', 'nu', 'gandeng', 'weh', 'repeated', 'red', 'flag', 'pake', 'banget'];['bebas', 'lah', 'rek', 'make', 'naon', 'ge', 'asal', 'tong', 'nganggo', 'knalpot', 'racing', 'nu', 'gandeng', 'weh', 'repeated', 'red', 'flag', 'pakai', 'banget'];['bebas', 'rek', 'make', 'naon', 'ge', 'tong', 'nganggo', 'knalpot', 'racing', 'nu', 'gandeng', 'weh', 'repeated', 'red', 'flag', 'pakai', 'banget'];bebas rek make naon ge tong nganggo knalpot racing nu gandeng weh repeated red flag pakai banget;bebas rek make naon ge tong nganggo knalpot racing nu gandeng weh repeated red flag pakai banget
95;@jek___ tat lu pernah ga pas kentut suaranya kek knalpot racing?;1;user tat lu pernah ga pas kentut suaranya kek knalpot racing;['user', 'tat', 'lu', 'pernah', 'ga', 'pas', 'kentut', 'suaranya', 'kek', 'knalpot', 'racing'];['user', 'tat', 'kamu', 'pernah', 'tidak', 'cocok', 'kentut', 'suaranya', 'kayak', 'knalpot', 'racing'];['user', 'tat', 'cocok', 'kentut', 'suaranya', 'kayak', 'knalpot', 'racing'];user tat cocok kentut suaranya kayak knalpot racing;user tat cocok kentut suara kayak knalpot racing
96;Saya menjual knalpot cb150 r face... seharga Rp550.000. Dapatkan di Shopee sekarang! https://t.co/cnxFDtiS0j‚Ä¶ https://t.co/avDXU7d4W1;0;saya menjual knalpot cb150 face repeated seharga rp550 number dapatkan di shopee sekarang;['saya', 'menjual', 'knalpot', 'cb150', 'face', 'repeated', 'seharga', 'rp550', 'number', 'dapatkan', 'di', 'shopee', 'sekarang'];['saya', 'menjual', 'knalpot', 'cb150', 'face', 'repeated', 'seharga', 'rp550', 'number', 'dapatkan', 'di', 'shopee', 'sekarang'];['menjual', 'knalpot', 'cb150', 'face', 'repeated', 'seharga', 'rp550', 'number', 'dapatkan', 'shopee'];menjual knalpot cb150 face repeated seharga rp550 number dapatkan shopee;jual knalpot cb150 face repeated harga rp550 number dapat shopee
97;Saya menjual knalpot fiz r stainl... seharga Rp650.000. Dapatkan di Shopee sekarang! https://t.co/4IqQ71uUaG‚Ä¶ https://t.co/JtVpa5ec6v;0;saya menjual knalpot fiz stainl repeated seharga rp650 number dapatkan di shopee sekarang;['saya', 'menjual', 'knalpot', 'fiz', 'stainl', 'repeated', 'seharga', 'rp650', 'number', 'dapatkan', 'di', 'shopee', 'sekarang'];['saya', 'menjual', 'knalpot', 'fiz', 'stainl', 'repeated', 'seharga', 'rp650', 'number', 'dapatkan', 'di', 'shopee', 'sekarang'];['menjual', 'knalpot', 'fiz', 'stainl', 'repeated', 'seharga', 'rp650', 'number', 'dapatkan', 'shopee'];menjual knalpot fiz stainl repeated seharga rp650 number dapatkan shopee;jual knalpot fiz stainl repeated harga rp650 number dapat shopee
98;@guddayla @cursedkidd gmw,, wili pke knalpot racing;0;user user gmw wili pke knalpot racing;['user', 'user', 'gmw', 'wili', 'pke', 'knalpot', 'racing'];['user', 'user', 'gmw', 'wili', 'pakai', 'knalpot', 'racing'];['user', 'user', 'gmw', 'wili', 'pakai', 'knalpot', 'racing'];user user gmw wili pakai knalpot racing;user user gmw wili pakai knalpot racing
99;tolong pak sekalian motor cc kecil yg pake knalpot racing ditertibin, pembalap bukan bikin bising aja https://t.co/V5jPmExZmL;-1;tolong pak sekalian motor cc kecil yg pake knalpot racing ditertibin pembalap bukan bikin bising aja;['tolong', 'pak', 'sekalian', 'motor', 'cc', 'kecil', 'yg', 'pake', 'knalpot', 'racing', 'ditertibin', 'pembalap', 'bukan', 'bikin', 'bising', 'aja'];['tolong', 'pak', 'sekalian', 'motor', 'cc', 'kecil', 'yang', 'pakai', 'knalpot', 'racing', 'ditertibin', 'pembalap', 'bukan', 'membuat', 'bising', 'saja'];['tolong', 'motor', 'cc', 'pakai', 'knalpot', 'racing', 'ditertibin', 'pembalap', 'bising'];tolong motor cc pakai knalpot racing ditertibin pembalap bising;tolong motor cc pakai knalpot racing ditertibin balap bising
